postcode,rate
0800,4.021329541414859
0801,2.988888888888889
0810,3.5535789208693465
0812,4.006727741196679
0820,4.380156657963447
0822,4.562082777036048
0828,4.194915254237288
0829,3.0
0830,3.439921307506053
0832,4.635957066189624
0834,4.341463414634147
0835,5.009378663540446
0836,4.845498783454988
0837,3.5223880597014925
0838,3.433333333333333
0839,5.0
0840,2.625
0841,2.8555555555555556
0845,2.0396825396825395
0846,2.4473684210526314
0847,1.875
0850,3.032285115303983
0852,3.5
0853,5.0
0854,2.125
0860,2.979669631512071
0862,2.1363636363636362
0870,3.7507036155011906
0872,2.836734693877551
0880,6.575757575757576
0881,6.0
0885,5.989690721649485
0886,6.0
1240,2.0
1300,3.0
1335,3.0
1435,4.0
1475,5.0
1565,7.0
1790,3.0
1825,3.0
1860,1.0
1871,3.0
2000,3.6789553472987873
2001,6.882352941176471
2007,2.795880149812734
2008,4.176041970271058
2009,6.041295306001189
2010,5.460603442956747
2011,4.694556222002885
2015,5.852964743589744
2016,4.57371890919988
2017,3.516151393317621
2018,3.4342311305981834
2019,3.603507839489769
2020,3.7060728744939273
2021,6.113516234583439
2022,5.121812133692381
2023,5.991163475699558
2024,5.037834574361039
2025,5.701866404715128
2026,4.7675157326940365
2027,5.703966277064572
2028,5.733910425291683
2029,5.178805318515579
2030,5.971753419790371
2031,4.788783187216316
2032,3.163286765810425
2033,4.0806
2034,4.931457148460482
2035,3.841133993046269
2036,3.7795579577260883
2037,4.402618008726696
2038,5.940565620857269
2039,6.702293801854563
2040,5.307476729056151
2041,6.330316165221825
2042,4.985931638182576
2043,5.950013583265417
2044,4.485387164808677
2045,6.027068242470453
2046,5.193914701803052
2047,5.897351598173516
2048,5.241032608695652
2049,4.368560606060606
2050,5.583219458868544
2055,5.0
2059,6.0
2060,5.869644484958979
2061,6.459850374064838
2062,5.953417015341701
2063,6.645119863013699
2064,5.235109717868339
2065,6.2316061092126365
2066,5.671832495260078
2067,4.776015961356715
2068,6.225195094760312
2069,6.632752330766112
2070,6.272271016311167
2071,6.332426920462271
2072,6.130434782608695
2073,6.78956228956229
2074,6.176290240163516
2075,6.579018460153084
2076,5.979178783296499
2077,4.314137884692918
2079,5.651497005988024
2080,5.340460526315789
2081,5.8191089640365
2082,5.771124790151092
2083,3.78642936596218
2084,6.84136722173532
2085,5.584615384615384
2086,6.210440835266821
2087,5.8200827205882355
2088,5.797431323581876
2089,5.770839513497479
2090,5.730108379592916
2092,6.71862182116489
2093,5.419921875
2094,5.525018129079043
2095,5.377796901893287
2096,5.3501305884160395
2097,5.639338494018297
2099,4.163325183374083
2100,5.188267770876466
2101,4.846775244299674
2102,5.544624746450304
2103,4.728323699421965
2104,4.632081097197377
2105,6.483333333333333
2106,5.213701431492843
2107,6.314027452293271
2108,6.423913043478261
2110,5.949098621420997
2111,5.077146078273474
2112,4.3916659051448415
2113,4.366583541147132
2114,4.438695884553715
2115,3.4758130636786007
2116,3.545668365346923
2117,3.738012598020311
2118,4.645342168981776
2119,6.6703412073490815
2120,5.698118466898955
2121,5.052708181723672
2122,4.127573377428689
2123,2.0
2124,2.6
2125,6.363246335359314
2126,5.813942459690168
2127,5.779629047469349
2128,3.4952718676122934
2130,4.284428442844284
2131,3.2432832872382455
2132,4.287821001779812
2133,3.5622470840276126
2134,3.3548323858067044
2135,4.154323775118537
2136,3.878904743540301
2137,5.283304309969526
2138,5.601346153846154
2140,3.1369172616547667
2141,3.25003006614552
2142,2.7751981247907134
2143,2.986189801699717
2144,2.4470117347402893
2145,3.5626232191347693
2146,3.543956043956044
2147,3.6970449080896612
2148,3.215782927166352
2150,2.9285099793530627
2151,3.9804489500362057
2152,3.7863032524049474
2153,5.305926724137931
2154,5.730661495367378
2155,5.995492111194591
2156,6.720155604181862
2157,5.116544417277914
2158,5.802705377763115
2159,5.1110481586402265
2160,2.9473177772432044
2161,2.7072263000103383
2162,2.7558365758754864
2163,1.585632183908046
2164,3.159593816307972
2165,2.4883360401594565
2166,2.2629719064727016
2167,3.327367636092468
2168,2.5514918190567855
2170,3.172681549457337
2171,4.49732774808609
2172,6.25820895522388
2173,5.00135043889264
2174,3.8780487804878048
2175,4.266778523489933
2176,3.8483868649852697
2177,3.0689061154177435
2178,4.15625
2179,3.612012987012987
2190,2.6869072545880033
2191,3.2083333333333335
2192,2.739911218724778
2193,3.7238910234020257
2194,2.874099444903744
2195,2.1969923208191124
2196,2.7990042951971885
2197,2.7689643228264633
2198,3.86029150373267
2199,2.807406094968108
2200,2.685483327719771
2203,3.7968
2204,3.675251861585633
2205,3.7644751587598058
2206,4.049210638600483
2207,3.6674402862392417
2208,3.860748284259464
2209,3.369542798212444
2210,3.428608049218149
2211,3.4746140378799937
2212,3.3993913354815612
2213,3.8474532559638943
2214,4.611309949892627
2216,3.221185993313391
2217,3.4165662929676643
2218,3.4334312664295656
2219,3.593806921675774
2220,3.4192272309107636
2221,4.927091963545982
2222,3.67690490253987
2223,4.5987974534307945
2224,4.283069254050205
2225,5.952637244348762
2226,5.048005260850505
2227,4.734242209631728
2228,3.8606299212598425
2229,4.426508958079666
2230,4.389941536944425
2231,4.090445859872611
2232,4.425482218203737
2233,4.989791095566689
2234,5.981198471747436
2250,3.2430023238874823
2251,3.384720234444217
2256,2.2746009802689455
2257,2.3906039315875383
2258,3.7448377581120944
2259,2.9252517786196064
2260,3.8747663551401867
2261,2.508918249380677
2262,2.309443099273608
2263,1.9952024563423527
2264,2.5168973286128096
2265,2.6420682730923697
2267,2.980421686746988
2278,3.781758957654723
2280,3.2771669415429723
2281,2.629406850459482
2282,3.856738768718802
2283,3.0019741387819563
2284,2.6270880361173816
2285,3.4971984936162395
2286,3.111764705882353
2287,3.3044510840419825
2289,3.469966912700433
2290,3.1816980993615616
2291,4.130293159609121
2292,2.646417445482866
2293,3.1449612403100775
2294,2.3671147880041365
2295,2.227323628219485
2296,2.3647668393782384
2297,2.151552795031056
2298,2.397549019607843
2299,2.5713413393038875
2300,3.70949263502455
2302,4.328205128205128
2303,3.334849469352393
2304,2.3267256132344554
2305,3.712904425436965
2306,1.1269308260577569
2307,2.2503067484662576
2308,3.0
2311,3.0556586270871984
2312,2.0
2315,2.1492947197603294
2316,2.561742424242424
2317,2.0598036298720617
2318,3.614268727705113
2319,2.1179245283018866
2320,3.412400553441716
2321,3.77626226369945
2322,3.3531692766592096
2323,3.1625060240963854
2324,2.3102670516059183
2325,2.2751872191712432
2326,2.0618436406067677
2327,1.9830887045309509
2328,2.8627737226277374
2329,1.7722772277227723
2330,3.935868255455884
2333,3.3740284360189574
2334,2.4440639269406392
2335,4.018668326073429
2336,2.9846005774783446
2337,2.69335014182162
2338,2.0665280665280665
2339,1.3267326732673268
2340,2.587725150100067
2341,1.5334281650071124
2342,2.0760869565217392
2343,1.8409090909090908
2344,3.363984674329502
2345,2.607142857142857
2346,1.5722689075630252
2347,1.4287671232876713
2350,2.3452425373134327
2352,2.705508474576271
2353,2.5885416666666665
2354,1.584717607973422
2355,1.7232142857142858
2356,1.0357142857142858
2357,1.6652421652421652
2358,2.079046424090339
2359,1.6254416961130742
2360,2.009958791208791
2361,1.4081632653061225
2365,2.39642567018684
2369,1.6534090909090908
2370,1.815890410958904
2371,1.6620689655172414
2372,1.8890128276631344
2379,2.0
2380,2.07396839332748
2381,1.8454258675078865
2382,1.8009554140127388
2386,2.0
2387,2.4166666666666665
2388,1.9190283400809716
2390,2.420445177246496
2395,1.2363013698630136
2396,1.5876623376623376
2397,3.3636363636363638
2398,5.0
2399,1.9019607843137254
2400,2.3029246042393345
2401,2.533333333333333
2402,1.7977346278317152
2403,1.65
2404,1.542042042042042
2405,1.5
2406,1.9691119691119692
2408,1.0
2409,1.3783783783783783
2410,2.08
2411,1.0
2415,1.9902439024390244
2420,2.509930715935335
2421,4.009055627425615
2422,1.9533721898417986
2423,1.7946843853820598
2424,1.611336032388664
2425,2.063053097345133
2426,1.6397058823529411
2427,1.4613778705636744
2428,1.8012877442273534
2429,1.981367870938423
2430,1.940046219874546
2431,1.6706841545551223
2439,2.251649387370405
2440,1.7520614480966903
2441,1.9469026548672566
2443,1.6484234234234234
2444,2.0796546988424565
2445,2.4342629482071714
2446,2.23057546987018
2447,1.833656330749354
2448,1.4831305944457196
2449,1.5016357688113413
2450,2.1921397379912664
2452,1.9905799234618782
2453,1.7769607843137254
2454,1.9588859416445623
2455,1.6273792093704247
2456,2.131243541164313
2460,1.9270833333333333
2462,1.652315190901706
2463,1.7967401725790988
2464,1.809707666850524
2465,1.8974358974358974
2466,1.4119193689745837
2469,1.5555555555555556
2470,1.8504549214226633
2471,1.9717391304347827
2472,2.2392739273927393
2473,1.5540132770066386
2474,1.7175925925925926
2475,1.502857142857143
2476,1.9
2477,2.566415500538213
2478,2.332241310427487
2479,3.3360302049622437
2480,2.2866253321523473
2481,2.448971820258949
2482,2.1315789473684212
2483,2.2130681818181817
2484,2.3277813923227066
2485,1.7493824110671936
2486,2.4223691776883265
2487,2.96663802978236
2488,2.3300220750551874
2489,2.4883274704189318
2490,3.272340425531915
2500,2.8078772489059376
2502,1.9353852035939592
2505,1.923529411764706
2506,2.0044082739911833
2508,5.220965058236273
2515,4.493306103925573
2516,3.71505376344086
2517,3.128755364806867
2518,2.513861035743777
2519,3.2098765432098766
2525,4.214930470846548
2526,3.7823257407090254
2527,3.6596998176462336
2528,2.196638655462185
2529,3.6173798709060483
2530,3.2254446683606415
2533,3.3504374907311285
2534,3.3118452860596292
2535,2.567648827420325
2536,2.0183884679356865
2537,1.864877443375737
2538,2.0399449035812673
2539,1.8808549340609368
2540,2.244117260418036
2541,2.125432053847553
2545,1.8630434782608696
2546,1.7288640595903166
2548,2.0684237202230107
2549,2.338403041825095
2550,2.1670385718839658
2551,1.7724770642201835
2555,2.891304347826087
2556,4.200255102040816
2557,4.083129584352078
2558,3.913887370147622
2559,1.2934232715008431
2560,3.234629482673922
2563,3.8181818181818183
2564,2.4704616588419404
2565,3.56606463878327
2566,3.469437369761519
2567,5.082607890350065
2568,4.367088607594937
2569,4.781115879828326
2570,4.361483564013841
2571,4.2833520179372195
2572,3.808379120879121
2573,3.00213561131874
2574,3.674077578051088
2575,3.0175404404599493
2576,3.3939996385324416
2577,2.9036427732079906
2578,2.657915057915058
2579,2.9656946826758146
2580,2.473900339571981
2581,2.977777777777778
2582,3.774370208105148
2583,1.9012345679012346
2584,2.005
2585,1.4545454545454546
2586,1.7881567973311092
2587,1.6417212347988774
2588,2.1
2590,1.9125287734297929
2594,1.8959238568177115
2600,6.460499265785609
2601,5.133956386292835
2602,4.754055960498472
2603,6.204995287464656
2604,5.402195389681668
2605,5.890116763969975
2606,4.541676675474418
2607,5.220418410041841
2609,4.3744292237442925
2611,5.138721099770881
2612,5.37754491017964
2614,4.760694059525244
2615,4.882978723404255
2616,2.0
2617,5.402873030583874
2618,5.9916201117318435
2619,6.328014728444308
2620,3.7564085796494897
2621,5.422794117647059
2622,2.1158088235294117
2623,2.6088709677419355
2626,4.0519480519480515
2627,3.358202802967848
2628,2.9098039215686273
2629,2.0335689045936394
2630,2.3461444903916324
2631,1.898936170212766
2632,2.557792207792208
2633,1.794701986754967
2640,2.8763543239871296
2641,2.178587294535762
2642,2.795751633986928
2643,2.2445290199809707
2644,1.9839883551673945
2645,1.7142857142857142
2646,2.1697214076246336
2647,2.1504513540621866
2648,1.7963875205254516
2649,3.2
2650,2.915503875968992
2651,2.903735632183908
2652,2.7048853439680958
2653,2.3006357856494097
2655,2.843243243243243
2656,2.0320121951219514
2658,1.6735074626865671
2659,2.327526132404181
2660,1.952991452991453
2661,4.323943661971831
2663,2.0351787773933103
2665,1.6526315789473685
2666,1.9745762711864407
2668,1.6007905138339922
2669,1.56
2671,2.159713945172825
2672,1.8439024390243903
2675,2.0982456140350876
2680,2.7722160425163764
2681,3.39832285115304
2700,1.77520113582584
2701,2.161764705882353
2702,1.8475609756097562
2703,2.195876288659794
2705,2.363150867823765
2706,2.0969827586206895
2707,2.197053406998158
2710,1.9268292682926829
2711,1.7743362831858407
2712,1.8121301775147929
2713,1.9808764940239043
2714,1.7465495608531996
2715,1.8106194690265487
2716,1.8838862559241707
2717,1.7360515021459229
2720,2.2001138627953316
2721,1.3870967741935485
2722,2.0247584541062804
2725,1.6764705882352942
2726,3.25
2727,2.1818181818181817
2729,2.5135566188197767
2730,1.903183023872679
2731,2.3197389885807502
2732,2.0051107325383306
2733,1.5909090909090908
2735,3.0
2736,1.75
2737,2.550632911392405
2738,2.8823529411764706
2739,2.4298245614035086
2740,3.0
2745,4.952258666977938
2747,3.2058957605227167
2748,5.313559322033898
2749,4.1281150694096
2750,3.3933508703195834
2751,2.5
2752,4.307914500288851
2753,3.400625978090767
2754,3.5013863216266174
2756,3.748776378079114
2757,4.1301775147929
2758,4.385285285285286
2759,4.532106866651043
2760,2.441031941031941
2761,4.038388400285239
2762,3.88272921108742
2763,4.596269493425747
2765,3.7774534841298797
2766,3.4832847206641238
2767,3.4529513073430405
2768,5.381266149870801
2769,5.148936170212766
2770,2.0060802196724525
2773,5.391046139789858
2774,5.0001997602876544
2775,2.202883625128733
2776,4.694235588972431
2777,4.357631954350928
2778,4.345574387947269
2779,3.5624703087885985
2780,2.407343811913882
2782,3.1313699536730644
2783,3.4376026272577995
2784,3.4938704028021017
2785,2.5300391041592607
2786,2.7493261455525606
2787,2.513186813186813
2790,2.4084995663486555
2791,1.974025974025974
2792,2.0
2793,2.351219512195122
2794,1.9932546374367621
2795,2.934874077687664
2797,1.7483443708609272
2798,3.712347354138399
2799,2.763064658990257
2800,2.9029998305180498
2803,2.142857142857143
2804,1.9983093829247676
2805,2.08974358974359
2806,1.7386759581881532
2807,1.8307692307692307
2808,2.2661870503597124
2809,1.7916666666666667
2810,1.6759176365264101
2818,2.31
2820,1.4176636171710064
2821,1.9224137931034482
2823,1.616580310880829
2824,1.607918263090677
2825,1.8821052631578947
2826,2.0714285714285716
2827,1.852603110209601
2828,1.5477178423236515
2829,1.67
2830,2.6696718594630426
2831,2.705263157894737
2832,2.471264367816092
2833,2.5945945945945947
2834,1.6629834254143647
2835,4.550882658359294
2836,2.0689655172413794
2838,2.3
2839,2.057377049180328
2840,2.1674311926605503
2842,1.6211180124223603
2843,1.9127358490566038
2844,1.50990099009901
2845,2.6418539325842696
2846,1.9113924050632911
2847,2.1384790011350736
2848,1.6580565805658056
2849,1.9472361809045227
2850,2.2737492083597215
2852,1.9991503823279524
2864,2.301694915254237
2865,2.0173410404624277
2866,2.4338006230529596
2867,2.1538461538461537
2868,1.9595959595959596
2869,1.1929046563192904
2870,2.1381803575015064
2871,1.8361162646876932
2873,1.5365853658536586
2874,1.1145038167938932
2875,1.446808510638298
2876,1.5892857142857142
2877,1.7545605306799337
2878,2.53125
2879,1.8372093023255813
2880,1.754342686812622
2900,4.134495641344956
2902,5.2509765625
2903,5.224128686327078
2904,5.919875130072841
2905,4.921169916434541
2906,4.982102229637494
2911,1.5
2912,5.39604462474645
2913,5.306094022054556
2914,5.947337102052961
3000,2.198507576334425
3001,4.8108108108108105
3002,5.615525672371638
3003,4.415351115949918
3004,5.764787066246057
3006,4.415028396679773
3008,5.103448275862069
3010,5.0
3011,2.856408537266734
3012,2.725417439703154
3013,4.008673710771172
3015,4.18849972421401
3016,5.16178645371192
3018,2.9329331046312177
3019,1.3981319322825452
3020,2.4369352170039456
3021,2.272147668260579
3022,2.2413194444444446
3023,3.772678475577026
3024,3.68234126984127
3025,2.3130970070048824
3026,5.421568627450981
3027,4.74236641221374
3028,3.1762486525332374
3029,4.009235348185757
3030,4.034034145977783
3031,3.99546279491833
3032,4.134950650309012
3033,3.648999258710156
3034,3.1897550111358575
3036,4.497223408799658
3037,4.030678077682686
3038,4.028751603249252
3039,4.699712643678161
3040,4.399062353492734
3041,4.475891891891892
3042,3.1663145185632358
3043,3.286430798427545
3044,3.1407317301394215
3045,3.5
3046,2.394882010419859
3047,1.5451789838337182
3048,1.762890213960014
3049,3.529821374508023
3051,2.9358012339503086
3052,3.830546265328874
3053,2.077984898537046
3054,4.896710374971245
3055,3.1236121391561804
3056,3.6313432835820896
3057,3.808078335373317
3058,3.2279357595402978
3059,5.061446720248898
3060,2.333867735470942
3061,2.252469813391877
3062,5.090909090909091
3063,4.705882352941177
3064,3.752999336830048
3065,4.6333805955033425
3066,3.994973544973545
3067,4.5742154368108565
3068,4.882546008674247
3070,4.100697809653034
3071,3.083743842364532
3072,2.8561685823754788
3073,2.319925347478022
3074,2.609606220215701
3075,2.653248306098047
3076,3.53323029366306
3078,4.270885028949545
3079,4.983586055963733
3081,1.9678899082568808
3082,3.737944102321175
3083,3.3893879062876193
3084,4.275929549902153
3085,4.1091766412767505
3087,3.2043656207366986
3088,4.0746414284320425
3089,4.936962025316456
3090,5.833841463414634
3091,5.553398058252427
3093,4.589692101740295
3094,3.6974946695095947
3095,5.547902379991932
3096,5.10593900481541
3097,5.161490683229814
3099,4.636471990464839
3101,5.656045265038713
3102,5.656622023809524
3103,5.145118320012537
3104,5.810924907253422
3105,3.9364690147124386
3106,5.359709858226179
3107,4.098480585256049
3108,3.711439114391144
3109,4.059809739097673
3111,4.722330941509024
3113,6.054849498327759
3114,6.472742066720912
3115,6.170229612034838
3116,4.152053597436645
3121,4.869838169642857
3122,4.503233555062823
3123,5.046195652173913
3124,5.96083703530512
3125,3.539004524886878
3126,6.212102111566341
3127,5.63439558961947
3128,3.4120025268477576
3129,3.927754452005212
3130,4.0850048527984475
3131,3.3684953829440523
3132,3.6787572696663604
3133,4.363887222555489
3134,3.756855867346939
3135,3.244013108142173
3136,3.364554692169755
3137,3.5160787370882867
3138,3.778162911611785
3139,3.373943120676403
3140,3.5866800535475236
3141,4.75684958862529
3142,5.339144873391449
3143,4.789591836734694
3144,5.955922289534155
3145,5.052092228864218
3146,5.6624293785310735
3147,4.38819162100053
3148,3.0500853727945363
3149,4.05588171341596
3150,4.417450662932657
3151,3.764098690835851
3152,4.236580516898608
3153,2.809501299929095
3154,3.9882144961697112
3155,2.7116319256939194
3156,3.7910054743261035
3158,4.3165244375484875
3159,4.574468085106383
3160,4.117142857142857
3161,4.7251043530113295
3162,5.0544547595954
3163,3.57630593058599
3165,3.9067772645866716
3166,3.5249482401656316
3167,3.5052013870365433
3168,2.2810044893378225
3169,2.7581295350712174
3170,3.740869565217391
3171,2.0296502787633046
3172,3.4440974391005623
3173,3.6788021139166176
3174,2.199627637567232
3175,2.2939713792753476
3177,1.7809290953545232
3178,4.827791389569478
3179,3.969081679741578
3180,3.6161616161616164
3181,4.4282534087746965
3182,4.0413623544724855
3183,3.7486780715396577
3184,4.16637921122226
3185,4.344444444444444
3186,5.9909325090159715
3187,5.858362555267571
3188,4.947780678851175
3189,3.2304863097670617
3190,3.498612395929695
3191,5.49935149156939
3192,3.3652938652938653
3193,5.870527247439626
3194,3.213431786216596
3195,4.025032576640834
3196,2.789406392694064
3197,3.5400526513726964
3198,2.398382204246714
3199,2.846901529754337
3200,1.5872116552003237
3201,3.012659897138336
3202,4.944841675178754
3204,4.80860655737705
3205,4.7452264048008725
3206,5.594660194174757
3207,5.600869775308046
3211,4.261363636363637
3212,3.907347554406378
3214,1.5924542755913051
3215,2.663716814159292
3216,3.3246676914730084
3218,2.5433229813664595
3219,2.2708554447038845
3220,3.648941348259917
3221,3.9624473939786338
3222,2.9163090128755367
3223,1.8281524926686217
3224,3.2751031636863823
3225,2.599820413049985
3226,3.091973501771684
3227,3.476274165202109
3228,3.768418273039345
3230,2.6058781869688383
3231,2.8392282958199355
3232,2.3901234567901235
3233,2.1917098445595853
3235,2.8369565217391304
3236,1.84472049689441
3237,2.0828220858895707
3238,2.077170418006431
3239,2.241758241758242
3240,3.9559412550066755
3241,2.464406779661017
3242,2.4820627802690582
3243,2.4192439862542954
3249,2.55819592628516
3250,2.1833077316948284
3251,1.9821428571428572
3254,2.4285714285714284
3260,2.1056768558951964
3264,2.0161779575328613
3265,2.896978021978022
3266,2.3588370313695486
3267,3.0864197530864197
3268,2.787578757875788
3269,2.7791563275434243
3270,2.4871794871794872
3271,2.074468085106383
3272,1.8053221288515406
3273,2.180327868852459
3274,2.1931818181818183
3275,3.4285714285714284
3276,2.970873786407767
3277,3.5873015873015874
3278,3.26027397260274
3279,2.9615384615384617
3280,2.4504831795393445
3281,3.702755905511811
3282,2.6446837146702555
3283,3.296037296037296
3284,2.0446260213702074
3285,3.1722846441947565
3286,2.0915254237288137
3287,2.642105263157895
3289,1.8862973760932944
3292,2.0555555555555554
3293,2.327272727272727
3294,2.310810810810811
3300,2.0747564591274883
3301,3.176079734219269
3302,2.6419753086419755
3303,2.3517241379310345
3304,1.995004995004995
3305,2.4634017904160084
3309,2.7777777777777777
3310,1.8235294117647058
3311,1.7417061611374407
3312,2.0214477211796247
3314,2.9714285714285715
3315,1.7419724770642202
3317,2.0
3318,1.6438127090301002
3319,2.1964285714285716
3321,3.4855643044619424
3322,1.382716049382716
3323,2.1724137931034484
3324,1.638157894736842
3325,1.7932489451476794
3328,3.4420600858369097
3329,2.844311377245509
3330,1.951219512195122
3331,3.744241461477363
3332,3.625
3333,2.803874092009685
3334,3.052980132450331
3335,2.8128161888701517
3337,3.426449143273788
3338,2.9018587360594794
3340,3.2258413090460016
3341,4.275555555555556
3342,2.700806451612903
3345,3.384297520661157
3350,2.76446961481303
3351,2.9541209906617945
3352,3.4079822616407984
3353,2.0
3355,2.1400943396226415
3356,2.0885777218376336
3357,3.357594936708861
3360,1.9623824451410659
3361,1.5589225589225588
3363,2.1939078751857357
3364,2.7446083995459705
3370,1.8342989571263035
3371,1.7430555555555556
3373,1.8543046357615893
3374,3.0357142857142856
3375,1.5824175824175823
3377,1.9736361263377709
3378,1.7543859649122806
3379,2.0127388535031847
3380,1.8715723707046164
3381,2.5763239875389408
3384,2.2554744525547443
3385,2.2720588235294117
3387,2.48
3388,1.8693693693693694
3390,1.9534313725490196
3391,1.7619047619047619
3392,1.5156794425087108
3393,1.7761944677284158
3395,1.5704225352112675
3396,1.869281045751634
3400,2.115430091634644
3401,2.972689075630252
3407,1.832258064516129
3409,2.1052631578947367
3412,1.5564516129032258
3413,2.021276595744681
3414,1.8460575719649561
3415,1.4
3418,1.9576923076923076
3419,1.9541284403669725
3420,2.263888888888889
3423,1.4505494505494505
3424,1.58600583090379
3427,3.4565656565656564
3428,4.812765957446809
3429,4.013015353440886
3430,4.026143790849673
3431,4.321100917431193
3432,3.674698795180723
3433,3.6025641025641026
3434,3.7970604861503676
3435,3.250726040658277
3437,4.474090067859346
3438,4.7020134228187915
3440,4.455081001472754
3441,4.661538461538462
3442,3.5685258964143425
3444,2.4383438343834385
3446,3.041522491349481
3447,2.6551724137931036
3448,2.987704918032787
3450,1.893030380393158
3451,2.4066852367688023
3453,3.107541899441341
3458,2.1588310038119443
3460,1.7811470006591958
3461,2.1995515695067263
3462,1.8464730290456433
3463,1.9796782387806944
3464,1.9870967741935484
3465,1.6625277161862528
3467,1.5875706214689265
3468,2.0526315789473686
3469,1.9876543209876543
3472,1.5187424425634826
3475,1.5232558139534884
3477,1.977049180327869
3478,1.6274074074074074
3480,1.7822878228782288
3482,1.3333333333333333
3483,1.631578947368421
3485,1.4918032786885247
3487,1.0
3488,1.3333333333333333
3489,1.25
3490,1.8166939443535188
3491,1.25
3494,2.2115384615384617
3496,2.0671031096563013
3498,2.5754060324825985
3500,2.122792515217555
3501,2.946341463414634
3502,3.0
3505,2.3553542887586576
3506,2.066666666666667
3507,1.6779661016949152
3509,1.9596774193548387
3512,1.6352201257861636
3515,2.8969957081545066
3516,2.131205673758865
3517,1.5580204778156996
3518,1.4786324786324787
3520,1.3148148148148149
3521,3.1682242990654204
3522,3.0720720720720722
3523,1.6555609995100442
3525,1.610698365527489
3527,1.671875
3529,1.1904761904761905
3530,1.6153846153846154
3531,1.6
3533,1.5
3537,1.7670454545454546
3540,1.6124031007751938
3542,3.4210526315789473
3544,2.0833333333333335
3546,1.5488721804511278
3549,1.963923337091319
3550,2.358054064999494
3551,3.779646862324028
3555,2.3416962428099377
3556,2.12905689194349
3557,2.923841059602649
3558,1.9165275459098496
3559,1.8782051282051282
3561,2.3910405972935136
3562,2.9908256880733943
3563,2.212307692307692
3564,2.4861091524467636
3565,3.0428571428571427
3566,2.017191977077364
3567,2.2071713147410357
3568,2.0079646017699115
3570,2.5306122448979593
3571,1.7391304347826086
3572,1.6063829787234043
3573,1.8214285714285714
3575,1.9225225225225224
3576,2.2666666666666666
3579,1.874354561101549
3580,1.9121447028423773
3581,2.0
3583,3.1363636363636362
3584,2.3864541832669324
3585,1.9615132298272469
3586,3.1961722488038276
3588,2.5272727272727273
3589,2.9054054054054053
3590,3.7083333333333335
3591,2.4166666666666665
3594,2.2583333333333333
3595,1.175
3596,2.0
3597,1.86
3599,1.6153846153846154
3607,1.8
3608,1.7848648648648648
3610,2.1449579831932772
3612,1.7726161369193154
3614,3.4203821656050954
3616,2.473444613050076
3617,3.238095238095238
3618,2.0825688073394497
3620,2.2818435754189945
3621,2.32163080407701
3622,3.108433734939759
3623,2.1594202898550723
3624,2.277227722772277
3629,2.210423634336678
3630,2.296593030491599
3631,3.8751556662515565
3633,4.296296296296297
3634,3.3710482529118138
3635,2.512396694214876
3636,2.1260042283298097
3637,2.3295454545454546
3638,1.7438478747203578
3639,1.881720430107527
3640,2.6787878787878787
3641,2.183982683982684
3644,2.043342687870284
3646,2.6298076923076925
3647,3.0
3649,2.3620689655172415
3658,2.5487329434697856
3659,3.3035714285714284
3660,2.061175768427335
3661,2.0
3662,4.041297935103245
3663,2.6984126984126986
3664,2.663129973474801
3665,2.920353982300885
3666,2.062959934587081
3669,2.091482649842271
3670,2.6180904522613067
3671,2.0
3672,2.050441361916772
3673,2.797583081570997
3675,2.740916271721959
3677,2.1769346356123216
3678,3.0746132848043675
3682,2.8716216216216215
3683,2.669724770642202
3685,2.52890625
3687,2.247448979591837
3688,3.184065934065934
3689,1.0
3690,2.7505253677574304
3691,3.650455927051672
3695,3.569060773480663
3697,2.3132530120481927
3698,2.375
3699,1.6360485268630849
3700,2.3570581257414
3701,1.959409594095941
3704,2.9
3705,1.9411764705882353
3707,1.7878103837471784
3708,1.6666666666666667
3709,2.128787878787879
3711,2.2413793103448274
3712,2.588235294117647
3713,1.8627450980392157
3714,2.186429512516469
3715,2.7183098591549295
3717,2.3036697247706424
3718,2.186046511627907
3719,2.680628272251309
3720,2.1904761904761907
3722,2.282142857142857
3723,2.398176291793313
3724,3.0
3725,2.8854166666666665
3726,2.6403508771929824
3727,2.5194805194805197
3728,1.88
3730,2.0344634351358923
3732,2.261904761904762
3733,2.3421052631578947
3735,2.7777777777777777
3737,2.053439454235361
3738,2.2181818181818183
3739,2.0843373493975905
3740,2.160919540229885
3741,1.8583489681050656
3744,2.769230769230769
3746,2.5531914893617023
3747,2.2354630294328786
3749,3.2283298097251585
3750,3.392405063291139
3751,3.8333333333333335
3752,4.012802048327733
3753,3.986842105263158
3754,4.634382566585956
3755,3.616822429906542
3756,3.907949790794979
3757,3.5278137128072444
3758,3.9613970588235294
3759,5.007326007326007
3760,4.710280373831775
3761,4.327272727272727
3762,4.4868421052631575
3763,3.377076411960133
3764,3.0870229007633587
3765,3.9906389906389905
3766,4.32509505703422
3767,4.354460093896714
3770,3.936046511627907
3775,3.6529006882989186
3777,2.5534140969162995
3778,2.673469387755102
3779,2.0689655172413794
3781,3.6952315134761577
3782,4.066938498131159
3783,3.502772643253235
3785,4.1875
3786,4.352014010507881
3787,5.200945626477542
3788,4.373690337601863
3789,4.033333333333333
3791,4.202572347266881
3792,4.537878787878788
3793,3.2867981790591805
3795,4.0932432432432435
3796,3.901473296500921
3797,2.5482315112540195
3799,2.1493013972055888
3802,3.6059665871121718
3803,3.1500852757248436
3804,5.793719545208446
3805,3.99524725585606
3806,4.385283305868931
3807,4.728351648351649
3808,5.230290456431535
3809,4.271641791044776
3810,3.213657573582197
3812,3.971090670170828
3813,3.762589928057554
3814,3.2316546762589926
3815,3.088790233074362
3816,3.022935779816514
3818,2.6056369285397247
3820,2.7070826306913998
3821,3.3576512455516014
3822,3.1416666666666666
3823,2.5682242990654207
3824,2.5901176470588236
3825,1.9547399957200942
3831,2.631188118811881
3832,1.8636363636363635
3833,1.896103896103896
3835,2.816849816849817
3840,1.9911622924477772
3842,2.3431524547803617
3844,2.9273792093704247
3847,2.364864864864865
3850,2.1807575515422726
3851,2.0853185595567867
3852,4.090909090909091
3854,4.2071269487750556
3856,3.7222222222222223
3857,3.2777777777777777
3858,2.2458296751536437
3859,3.2266666666666666
3860,2.2443579766536965
3862,2.6260504201680672
3864,2.5238095238095237
3865,2.4829545454545454
3869,3.5044404973357017
3870,3.132387706855792
3871,2.4204737732656514
3873,2.8472222222222223
3874,2.328638497652582
3875,2.0888101797192706
3878,1.8278301886792452
3880,1.8209342560553634
3882,2.6595174262734584
3885,2.1707953063885266
3886,2.6115702479338845
3887,1.7155963302752293
3888,1.684962835906232
3889,1.3846153846153846
3890,1.5675675675675675
3891,1.8709677419354838
3892,1.6945898778359512
3893,1.4
3895,1.7236842105263157
3896,1.5849056603773586
3898,1.8470588235294119
3900,1.6046511627906976
3902,2.3142857142857145
3903,2.3451776649746194
3904,2.2706766917293235
3909,1.7765930439197766
3910,3.85399066952465
3911,3.6259150805270863
3912,3.775052557813595
3913,3.925
3915,2.1667615253272623
3916,4.432394366197183
3918,3.949738903394256
3919,2.9853613906678866
3920,3.783132530120482
3922,2.0246459694989105
3923,1.92797783933518
3925,2.349330357142857
3926,3.7341040462427744
3927,3.8205405405405406
3928,4.827586206896552
3929,3.9041533546325877
3930,5.14707152108217
3931,2.768892478908634
3933,4.648972602739726
3934,4.20553159096676
3936,2.6310250152532033
3937,4.2899239543726235
3938,2.6881600889382993
3939,2.221258642915739
3940,1.6831053133948457
3941,2.298207056101793
3942,2.50796812749004
3943,2.7636986301369864
3944,5.565333333333333
3945,2.798994974874372
3946,3.223529411764706
3950,2.213477851083883
3951,3.119217081850534
3953,2.6463164073965366
3954,3.2
3956,2.0715909090909093
3957,2.2713178294573644
3958,2.3375
3959,2.536741214057508
3960,1.8836858006042296
3962,1.5541125541125542
3964,1.8421052631578947
3965,1.328
3966,1.5925925925925926
3967,1.6
3971,2.0796019900497513
3975,4.601036269430052
3976,2.950439546439037
3977,3.3740824523336874
3978,3.655072463768116
3979,2.8013698630136985
3980,3.158091674462114
3981,2.739247311827957
3984,1.9427294882209585
3987,3.384133611691023
3988,2.948051948051948
3990,2.6363636363636362
3991,2.8971428571428572
3992,2.173824130879346
3995,1.9914793328498912
3996,1.9471602147499294
4000,4.385169927909372
4001,2.9565217391304346
4005,4.7851085832471565
4006,4.666722859069454
4007,4.681042228212039
4008,3.0755555555555554
4009,5.72
4010,3.464398734177215
4011,4.3792169082780115
4012,3.5065369731199665
4013,3.500484027105518
4014,3.429355281207133
4017,3.4725652539994387
4018,3.062798092209857
4019,2.0927103973302743
4020,2.634923797190955
4021,2.6122073138647726
4022,2.6701208981001727
4025,3.0416666666666665
4030,4.255741862758912
4031,3.719175749318801
4032,3.0783204288266823
4034,3.4336930038287505
4035,5.1371665678719625
4036,3.6659707724425887
4037,5.811774128954745
4051,4.40716392751791
4053,3.9243633376364278
4054,3.6746102848951803
4055,4.990871613663133
4059,4.343438219493477
4060,5.739156151419558
4061,5.474146671172694
4064,5.109471585244267
4065,6.374378796245169
4066,4.309453105666914
4067,3.366501187135765
4068,4.516921035169211
4069,6.137043330501275
4070,5.714929577464789
4073,5.5733500156396625
4074,5.216599642537981
4075,4.753529876877894
4076,2.825610363726956
4077,1.975024975024975
4078,4.110522247984984
4101,3.61820987654321
4102,2.819330385344283
4103,3.7091338582677165
4104,4.611290902553039
4105,3.737753159079107
4106,2.701686121919585
4107,3.2607099143206852
4108,2.907193605683837
4109,3.696064195643867
4110,2.865218602060707
4111,3.168421052631579
4112,4.618211514904043
4113,3.922114482327182
4114,1.7040640058187109
4115,4.46138430707569
4116,4.553503986571548
4117,2.764705882352941
4118,3.8003606130421717
4119,4.246913580246914
4120,3.527135333180673
4121,4.462036849564689
4122,3.684857987095218
4123,3.7899146625290925
4124,3.9737726967047746
4125,3.8687202053538687
4127,3.4219961240310077
4128,4.574684855810741
4129,3.8201793721973094
4130,4.963488124778447
4131,2.552225249772934
4132,2.724472807991121
4133,2.9822194972409566
4151,4.140681848807438
4152,4.5196288365453245
4153,5.073957016434893
4154,5.448484848484848
4155,6.14392523364486
4156,6.02002002002002
4157,3.8134944018856807
4158,2.9879663056558363
4159,4.121598995395563
4160,4.636419187289948
4161,3.855444199082725
4163,3.428464531577372
4164,4.801387283236994
4165,3.9279209621993125
4169,4.679258336792583
4170,4.329270749395649
4171,5.408172706245181
4172,4.262179487179488
4173,3.72550831792976
4174,3.5101626016260163
4178,3.169140625
4179,3.8992511912865897
4183,2.123134328358209
4184,1.6412729026036643
4205,2.502931323283082
4207,2.975928890851874
4208,4.226780185758514
4209,4.058664259927798
4210,3.747954464603344
4211,3.4376223442349008
4212,4.491694945525987
4213,3.9786009891995557
4214,3.6209420535411723
4215,2.4722293101981796
4216,2.7693667157584683
4217,3.6712238293375603
4218,3.437801552338997
4220,2.824764709648505
4221,2.7933761739990115
4223,3.19148244473342
4224,2.443099273607748
4225,2.1895411741134043
4226,3.675673508659397
4227,3.229467001719349
4228,4.242747187685021
4270,4.263571990558615
4272,2.886845827439887
4275,3.278589853826311
4280,4.237781767404748
4285,2.9919200822682535
4287,2.1846689895470384
4300,3.5765570650390495
4301,3.357441948991245
4303,1.549501661129568
4304,2.443858878641487
4305,2.82210369106038
4306,4.352086401570937
4307,3.481572481572482
4309,2.700609225413403
4310,2.3322179732313577
4311,2.604644733204313
4312,1.9198019801980197
4313,1.8588235294117648
4340,3.1127450980392157
4341,2.5891812865497075
4342,2.3727087576374744
4343,2.490670700958144
4344,2.9134396355353074
4346,3.2292490118577075
4347,2.5578512396694215
4350,2.811858583118586
4352,3.8545156820758284
4353,2.5
4354,3.0
4355,1.7842696629213484
4356,2.4920835972134263
4357,2.0755813953488373
4358,3.138888888888889
4359,3.208020050125313
4360,2.470954356846473
4361,2.628948609146629
4362,2.2608294930875577
4363,2.323741007194245
4364,1.9428571428571428
4365,2.2162162162162162
4370,2.2263828669031667
4371,2.282700421940928
4372,2.4615384615384617
4373,1.8658280922431867
4374,2.376146788990826
4375,2.1481481481481484
4376,2.1538461538461537
4377,2.125
4378,2.3388429752066116
4380,1.9678537661519067
4381,1.962962962962963
4382,2.168421052631579
4383,1.74235807860262
4385,1.7402234636871508
4387,1.7678571428571428
4388,1.0
4390,2.781346238451386
4400,2.9617151607963246
4401,2.156665139715987
4402,2.101449275362319
4403,2.304
4404,2.546511627906977
4405,2.7850430696945967
4406,2.2083333333333335
4407,2.171232876712329
4408,1.8296703296703296
4410,1.7118226600985222
4411,3.45
4412,2.5833333333333335
4413,2.546556741028128
4415,1.9986824769433464
4416,3.0
4417,1.7814207650273224
4418,2.2941176470588234
4419,1.9333333333333333
4420,2.3333333333333335
4421,1.7430221366698748
4422,1.8125
4424,1.8
4425,2.0
4426,1.0
4427,1.5
4428,2.3076923076923075
4454,2.925
4455,2.766425992779783
4462,1.0
4465,1.8146551724137931
4467,1.0
4468,2.0
4470,2.243993993993994
4472,2.073627844712182
4478,2.5161290322580645
4480,2.3947368421052633
4481,1.1
4482,2.0
4486,1.8823529411764706
4487,2.5041265474552956
4488,2.1666666666666665
4490,1.9138276553106213
4491,1.5
4492,2.796875
4494,1.0
4496,2.0
4497,1.8571428571428572
4498,1.0
4500,4.1356152844781375
4501,2.7226775956284155
4502,4.08729662077597
4503,3.6629926519706077
4504,4.640308191403082
4505,3.9857571214392804
4506,3.3130461444120805
4507,1.9418089115495456
4508,2.5522736639648302
4509,4.743884079789236
4510,2.4933017633497414
4511,2.5873355766289383
4512,3.9721669980119283
4514,2.98682209832742
4515,2.34453125
4516,3.9974768713204374
4517,2.80327868852459
4518,3.0627692307692307
4519,2.7185017026106695
4520,5.5021855269548325
4521,4.036614645858343
4550,2.962425840474621
4551,2.5834046559397468
4552,2.3816815144766146
4553,3.5454545454545454
4554,3.4112627986348123
4555,3.2157330154946364
4556,3.4148220618808853
4557,2.9244254566882733
4558,2.3399941798428556
4559,3.174047829937998
4560,2.6778558875219685
4561,3.4345372460496613
4562,3.396036161335188
4563,2.906638375265232
4564,3.0910104011887074
4565,2.3873052701358968
4566,3.1154549611339735
4567,3.226533353230861
4568,2.7714672075726843
4569,2.408071748878924
4570,2.2576113824079096
4571,2.282958199356913
4572,2.920185974428516
4573,2.953308507590948
4574,2.290870488322718
4575,3.032739026170368
4580,1.7311233885819521
4581,2.4036144578313254
4600,1.8716577540106951
4601,2.0567632850241546
4605,2.111299435028249
4606,1.9473129610115911
4608,2.1143790849673203
4610,2.5218837535014007
4611,1.4423076923076923
4612,1.619047619047619
4613,1.6735966735966736
4614,1.7414698162729658
4615,1.709653647752395
4620,1.8867924528301887
4621,1.6609498680738786
4625,2.3101160862354893
4626,1.955193482688391
4627,1.7474747474747474
4630,2.0612423447069115
4650,2.1814776733254995
4655,2.2706110572259943
4659,1.7324516785350967
4660,1.883674153536708
4662,1.8848484848484848
4670,2.2084864181172077
4671,1.8486715440893338
4673,1.8548387096774193
4674,1.8177496038034866
4676,2.0714285714285716
4677,2.3538654934003773
4678,2.6598360655737703
4680,3.7639640586411645
4694,2.8415841584158414
4695,2.8979591836734695
4697,2.347517730496454
4699,2.9407894736842106
4700,2.417517006802721
4701,2.8061363636363637
4702,3.122499655124845
4703,2.6464622641509434
4704,2.5737704918032787
4705,1.5625
4707,1.7
4709,6.325976230899831
4710,2.2991120976692563
4711,4.8667850799289525
4712,1.975609756097561
4713,1.263157894736842
4714,1.271698113207547
4715,3.533557046979866
4716,3.028409090909091
4717,5.82201203783319
4718,4.79128672745694
4719,2.597560975609756
4720,4.744304312449145
4721,3.7752808988764044
4722,3.22020202020202
4723,4.271428571428571
4724,2.068241469816273
4725,2.0533333333333332
4726,2.289308176100629
4727,2.4
4728,1.6714285714285715
4730,2.810462471569371
4731,2.073170731707317
4732,2.0
4735,2.5052631578947366
4736,2.0
4737,2.974631751227496
4738,2.492957746478873
4739,2.7974683544303796
4740,3.451809010548454
4741,3.6559139784946235
4742,4.2
4743,5.670250896057348
4744,6.53162897410685
4745,6.007336757153338
4746,6.247854077253219
4750,4.27434613244296
4751,4.236914600550964
4753,3.672514619883041
4754,3.1148148148148147
4756,2.6666666666666665
4757,2.3333333333333335
4798,2.453333333333333
4799,2.364864864864865
4800,3.0264853256979243
4802,3.09786083107942
4804,2.959077380952381
4805,2.406568228105906
4806,2.306044376434583
4807,2.4917022285443338
4808,2.5979899497487438
4809,3.6633906633906634
4810,3.3247250916361213
4811,3.7096479195244627
4812,2.617584745762712
4814,3.7730776124753542
4815,3.3168009043379962
4816,3.145692735212386
4817,4.016111111111111
4818,4.159798295948531
4819,2.2098569157392687
4820,2.307894736842105
4821,2.2522522522522523
4822,2.1666666666666665
4823,2.3421052631578947
4824,4.182987141444115
4825,4.1311942517343905
4828,2.0
4829,2.0
4830,2.5
4849,1.8435114503816794
4850,1.9560641936332543
4852,2.510764035457999
4854,2.3899533920248577
4855,2.312977099236641
4856,2.065934065934066
4858,2.819004524886878
4859,2.6214285714285714
4860,2.318298070216229
4861,2.347560975609756
4865,3.3244638602065133
4868,3.2095490716180373
4869,3.362382445141066
4870,3.087948902595573
4871,2.3843162670123137
4872,2.5317460317460316
4873,2.4146469968387776
4874,5.917042380522994
4875,2.935828877005348
4877,3.436648782501032
4878,3.055980942657819
4879,3.5959864603481626
4880,2.114707552526973
4881,2.970633693972179
4882,2.933333333333333
4883,2.075540765391015
4884,2.6405451448040886
4885,2.2766129032258067
4886,1.8232189973614776
4887,1.3746835443037975
4888,1.6194267515923566
4890,2.4523809523809526
4891,2.05
4895,2.2016129032258065
5000,3.3837958084533426
5001,2.1415929203539825
5006,4.401284109149278
5007,2.9451623069650172
5008,2.5236724248240563
5009,2.8941821247892072
5010,1.8829356145880234
5011,2.8393389947211385
5012,1.1996206733048838
5013,1.9134932863746423
5014,2.4560127704859878
5015,2.481661798117494
5016,3.0034201525914233
5017,1.8731408573928259
5018,3.8968253968253967
5019,2.5988076838154117
5020,4.154592979835698
5021,3.8815356489945154
5022,3.572655492450478
5023,2.226172772745708
5024,3.353861686017163
5025,3.3958935801041066
5031,3.0249894112664126
5032,2.9083074801792486
5033,2.5270692347735553
5034,4.363051864552079
5035,3.0133122028526147
5037,2.757425742574257
5038,2.4796392094442234
5039,2.615366030442136
5040,3.5056710775047257
5041,4.2826205641492265
5042,2.634068050502889
5043,2.1333790894532143
5044,3.489182462186483
5045,3.3028905634911707
5046,2.4535546197671536
5047,2.3974433468913423
5048,3.066997518610422
5049,3.8277467411545625
5050,4.25944469731452
5051,4.710428305400373
5052,4.775909268674227
5061,5.5693025322079075
5062,5.005962654950573
5063,4.422315641968821
5064,5.60639606396064
5065,4.657867169495076
5066,6.209856262833676
5067,4.174188998589563
5068,3.9364102564102565
5069,4.544246678365505
5070,2.869759642258245
5072,3.8281786941580758
5073,3.3040185471406494
5074,2.648049645390071
5075,3.3999540018399266
5076,4.342927631578948
5081,4.417359413202934
5082,4.097286463151403
5083,3.1368173810921904
5084,1.695367337388863
5085,2.6831224930576982
5086,2.668152771585674
5087,2.5197020192119193
5088,2.1477640959170445
5089,4.418363273453094
5090,2.729138536321901
5091,3.5685818664895383
5092,3.259505844059772
5093,2.863685056239957
5094,2.2768924302788847
5095,3.9807582668187003
5096,3.158117487726426
5097,3.257496857604597
5098,3.053706350827037
5106,1.6153846153846154
5107,2.5124191902007484
5108,2.296317791964919
5109,2.952486574830726
5110,3.287360335195531
5111,3.0
5112,1.8547434263871192
5113,1.3034307188750152
5114,3.161342174000402
5115,3.0589293747188484
5116,3.0107456854444807
5117,4.616835994194485
5118,3.0904706226249634
5120,3.5667870036101084
5121,4.401392111368909
5125,4.31235632183908
5126,3.630615065653075
5127,3.956181533646322
5131,5.058064516129032
5132,4.527027027027027
5133,5.181818181818182
5134,5.052631578947368
5136,4.927083333333333
5137,5.014084507042254
5138,4.9
5139,5.0
5140,5.077844311377246
5141,5.375
5142,3.9731182795698925
5144,5.345454545454546
5150,4.666666666666667
5151,4.409836065573771
5152,5.260483870967742
5153,4.283842794759825
5154,5.962732919254658
5155,4.214621059691482
5156,5.27217125382263
5157,4.800970873786408
5158,4.087641935839488
5159,4.203779527559055
5160,4.569620253164557
5161,2.9434670419892095
5162,2.878658709860756
5163,2.4207338179300795
5164,1.5314478682988604
5165,1.9726027397260273
5166,2.143016759776536
5167,2.784126984126984
5168,2.199574241617882
5169,2.8313365780606516
5170,2.874493927125506
5171,2.961847389558233
5172,3.0683156654888104
5173,2.4952272727272726
5174,2.2450469238790407
5201,3.5828729281767955
5202,2.4408602150537635
5203,1.5897435897435896
5204,1.9151234567901234
5210,3.516304347826087
5211,1.8773488710852149
5212,1.8172992056487203
5213,2.1763005780346822
5214,1.7305194805194806
5220,1.425531914893617
5221,2.34
5222,3.1142857142857143
5223,2.0648769574944073
5231,4.621794871794871
5232,5.115384615384615
5233,3.1235059760956174
5234,3.2449664429530203
5235,2.3707093821510297
5236,2.5217391304347827
5237,2.2653061224489797
5238,1.667953667953668
5240,4.794871794871795
5241,2.516310461192351
5242,3.0366598778004072
5243,3.7212389380530975
5244,3.1744186046511627
5245,3.4523809523809526
5250,4.041237113402062
5251,2.716245644599303
5252,3.207388204795852
5253,1.8788937851390366
5254,2.4482758620689653
5255,2.3365896980461813
5256,1.9093655589123868
5259,2.2465753424657535
5260,1.59366391184573
5261,1.7777777777777777
5262,1.631578947368421
5263,3.6666666666666665
5264,1.8238213399503722
5265,1.5238095238095237
5266,2.169230769230769
5267,2.4664484451718494
5268,2.2911184210526314
5269,3.4444444444444446
5270,3.1
5271,2.3054607508532423
5272,2.8
5273,1.0
5275,1.9938423645320198
5276,2.155844155844156
5277,2.3669972948602345
5278,1.9554655870445343
5279,2.061224489795918
5280,2.027653517690118
5290,2.221942898186389
5291,2.4078212290502794
5301,1.28
5302,2.0451807228915664
5303,1.0
5304,2.09748427672956
5306,1.4
5307,2.02
5308,1.5
5309,1.0
5310,1.0
5311,1.5555555555555556
5320,1.6666666666666667
5321,2.121212121212121
5322,4.541666666666667
5330,1.6572077185017027
5331,3.25
5332,2.6666666666666665
5333,1.9982332155477032
5340,2.3651452282157677
5341,1.7655141843971631
5342,2.960526315789474
5343,1.9254341164453523
5344,2.1139240506329116
5345,1.5647619047619048
5346,2.393939393939394
5350,5.017241379310345
5351,3.5133120340788073
5352,3.0697078421322397
5353,2.8254310344827585
5354,1.7407407407407407
5355,2.6330749354005167
5356,3.097560975609756
5357,1.6779661016949152
5360,3.9324324324324325
5371,4.258064516129032
5372,2.9
5373,2.1665292662819455
5374,1.5835543766578248
5381,1.3181818181818181
5400,3.2285714285714286
5401,1.819672131147541
5410,4.166666666666667
5411,2.2142857142857144
5412,1.664179104477612
5413,1.724
5414,1.7
5415,3.5
5416,3.3076923076923075
5417,1.9873417721518987
5418,1.6875
5419,1.0
5420,1.0
5421,1.28
5422,1.3983315954118873
5431,1.5714285714285714
5432,1.3333333333333333
5433,1.9315960912052117
5434,2.036697247706422
5440,1.4285714285714286
5451,2.0833333333333335
5452,4.083333333333333
5453,2.413793103448276
5454,2.1294117647058823
5455,5.0
5460,2.0294117647058822
5461,1.9098360655737705
5462,2.0076335877862594
5464,1.676056338028169
5470,1.2941176470588236
5471,1.2
5472,1.4375
5473,1.732899022801303
5480,1.9763513513513513
5481,1.6597222222222223
5482,1.6170212765957446
5483,1.6296296296296295
5485,2.6486486486486487
5490,2.8333333333333335
5491,2.2211404728789987
5493,1.1818181818181819
5495,1.934782608695652
5501,3.574757281553398
5502,2.4962025316455696
5510,2.1
5520,1.55
5521,1.5384615384615385
5522,1.7126805778491172
5523,1.623397435897436
5540,1.756030534351145
5550,1.7169811320754718
5552,1.5
5554,2.2184490623416115
5555,2.054054054054054
5556,1.7132978723404255
5558,1.9356371490280777
5560,1.858695652173913
5570,1.3565891472868217
5571,1.850546780072904
5572,1.0
5573,1.842406876790831
5575,1.826797385620915
5576,1.9403794037940378
5577,2.1739130434782608
5580,1.4285714285714286
5581,1.5723270440251573
5582,1.6571428571428573
5583,1.5274725274725274
5600,3.069431051108968
5601,1.2463768115942029
5602,2.017467248908297
5603,1.75
5604,1.6122448979591837
5605,1.7159090909090908
5606,2.299505345460348
5607,2.5
5608,1.5011477761836443
5609,3.2268722466960353
5630,1.5
5631,2.032171581769437
5632,1.625
5633,2.8
5640,2.115107913669065
5641,1.9768339768339769
5642,1.3636363636363635
5650,1.25
5651,1.0
5652,2.1564625850340136
5653,1.0
5654,1.5384615384615385
5655,1.2
5661,1.0
5670,1.6206896551724137
5671,1.1818181818181819
5680,2.0996563573883162
5690,2.3316633266533064
5700,1.9105736782902136
5710,3.1985428051001823
5722,1.75
5723,2.526992287917738
5724,3.111111111111111
5725,5.968305304010349
5731,5.720136518771331
5732,1.736842105263158
5733,3.4
5734,2.5
5950,4.666666666666667
6000,4.379160636758321
6001,1.2222222222222223
6003,4.058236272878536
6004,4.333333333333333
6005,4.4624616243371475
6006,4.874751984126984
6007,5.108040201005025
6008,5.4348529808470465
6009,5.579243986254296
6010,5.363305322128851
6011,6.218451242829828
6012,4.865455438251903
6014,5.331181028410425
6015,6.444444444444445
6016,4.861840653277422
6017,2.8327962764052987
6018,4.326106652860471
6019,4.18697049371896
6020,5.367494574391126
6021,3.7353624535315983
6022,3.8334126606377916
6023,5.325985072036105
6024,3.9972512369433755
6025,4.462503135189365
6026,5.075972155544887
6027,4.429616198247205
6028,5.08420737189092
6029,5.5834053586862575
6030,4.034942127101988
6031,4.152365415986949
6032,4.075757575757576
6033,3.55688622754491
6034,4.4375
6035,2.5251141552511416
6036,4.461789099526066
6037,2.385981308411215
6041,2.0340715502555367
6042,2.8450704225352115
6043,2.43125
6044,2.136283185840708
6050,4.512852928782133
6051,2.9336004579278763
6052,3.968812475009996
6053,3.5458883410211546
6054,2.9581556195965417
6055,3.931182310469314
6056,3.0856110089415942
6057,4.017103762827822
6058,3.5005202913631632
6059,3.4895364756503033
6060,2.903847738320837
6061,2.172790810324545
6062,3.397309557328328
6063,3.5957618567103937
6064,2.9579603299982447
6065,4.317786606782979
6066,3.985181790406355
6067,1.25
6068,5.4
6069,4.305906913913791
6070,5.038047379755922
6071,4.78620166793025
6072,4.226837060702875
6073,3.836591086786552
6074,3.609498680738786
6076,4.426401318888366
6077,4.475409836065574
6078,4.9907407407407405
6079,5.1875
6081,4.411082474226804
6082,3.9118982742960946
6083,4.438304314912945
6084,4.004351265822785
6090,7.0
6100,3.7257974258533855
6101,3.2599153886832366
6102,2.2689429373246024
6103,2.470038733196628
6104,3.0624703463545786
6105,2.7075765013909345
6106,4.763358778625954
6107,3.0127756027199672
6108,3.5063868613138687
6109,2.549148694665153
6110,3.24916126146276
6111,3.4939275893675528
6112,3.129616724738676
6121,4.768
6122,4.220380818053597
6123,3.8805309734513274
6124,3.548009367681499
6125,3.872315035799523
6126,3.477272727272727
6147,3.1581387646961416
6148,4.157592722183345
6149,5.3109885447602885
6150,5.171940694843992
6151,4.797409385297125
6152,3.7874261603375525
6153,5.268808598216327
6154,4.384254920337394
6155,5.19820166987797
6156,3.9920767306088405
6157,3.356206630686199
6158,5.35495829471733
6159,4.941558441558442
6160,3.3840131850020603
6162,3.419760479041916
6163,3.2522167954857983
6164,4.5911905069005545
6165,3.8031914893617023
6166,4.068411011174707
6167,2.7064779657116556
6168,2.3654358246050062
6169,3.2589423481554216
6170,3.5299653293709756
6171,4.8269554753309265
6172,4.330414842609964
6173,5.050437121721587
6174,3.47024504084014
6175,4.270137524557957
6176,4.484304932735426
6180,5.132163742690058
6181,5.227586206896552
6207,3.3668122270742358
6208,2.6242596541104004
6209,2.664
6210,2.722835116634545
6211,3.446909667194929
6213,3.091254752851711
6214,3.5555555555555554
6215,3.014530358069538
6218,2.2448275862068967
6220,2.780564263322884
6221,3.3488372093023258
6223,3.1041666666666665
6224,2.6602972399150744
6225,3.041817243159525
6226,4.346938775510204
6227,3.7435897435897436
6228,3.6842105263157894
6229,2.5121951219512195
6230,3.1946010592858363
6231,4.0
6232,3.5449719846652905
6233,4.100404312668464
6236,4.054628224582701
6237,3.8959627329192545
6239,2.687125748502994
6240,3.392857142857143
6243,2.0588235294117645
6244,2.339253996447602
6251,3.2795698924731185
6252,3.27027027027027
6253,2.703125
6254,1.9664429530201342
6255,2.5365853658536586
6256,4.096774193548387
6258,2.401315789473684
6260,2.4185303514377
6262,2.104651162790698
6271,2.823529411764706
6275,2.577319587628866
6280,2.7528177986866607
6281,3.334204508330611
6282,4.340304182509506
6284,3.165656565656566
6285,3.13737922705314
6286,2.9688715953307394
6288,2.227979274611399
6290,2.0230607966457024
6302,2.5058499655884376
6304,1.7254901960784315
6306,1.9865384615384616
6308,1.6452410383189122
6309,2.0096153846153846
6311,2.5269709543568464
6312,2.501609195402299
6313,3.087912087912088
6315,2.140449438202247
6316,1.282258064516129
6317,2.2203672787979967
6318,1.7379679144385027
6320,1.995744680851064
6321,1.7828282828282829
6322,1.5526315789473684
6323,2.0080862533692723
6324,2.264044943820225
6326,2.828358208955224
6327,3.064935064935065
6328,2.1826923076923075
6330,2.5361338797814206
6333,2.2496498599439776
6335,1.936046511627907
6336,2.5197368421052633
6337,2.6714975845410627
6338,2.024
6341,2.263157894736842
6343,3.1386138613861387
6346,3.2663551401869158
6348,3.5245901639344264
6350,1.832214765100671
6351,1.8064516129032258
6352,1.4109589041095891
6353,2.781609195402299
6355,1.8144329896907216
6356,2.488888888888889
6357,3.0
6358,2.259259259259259
6359,2.8257575757575757
6361,1.2380952380952381
6363,1.2440944881889764
6365,2.1194029850746268
6367,2.226993865030675
6368,3.4210526315789473
6369,2.5506072874493926
6370,1.9156626506024097
6372,1.0
6373,2.4489795918367347
6375,2.2413087934560325
6383,1.8453159041394336
6384,1.8571428571428572
6385,3.6666666666666665
6386,1.1666666666666667
6390,3.4545454545454546
6391,2.674358974358974
6392,1.9715909090909092
6393,1.5833333333333333
6394,1.5925925925925926
6395,2.419881305637982
6396,1.728813559322034
6397,1.951219512195122
6398,2.1294117647058823
6401,2.3863378684807257
6403,2.019230769230769
6405,2.433333333333333
6407,2.2299741602067185
6409,1.819277108433735
6410,1.9251101321585904
6411,1.9148936170212767
6412,2.2
6413,2.782608695652174
6414,3.142857142857143
6415,2.5606720597386436
6418,1.7484472049689441
6419,1.0
6420,3.942857142857143
6421,2.2857142857142856
6422,1.8333333333333333
6423,1.293103448275862
6424,1.5365853658536586
6425,1.0
6426,4.006681514476615
6427,1.0
6428,1.0
6429,2.0096618357487923
6430,4.518864774624374
6431,2.0
6432,3.7724884080370944
6434,6.0
6436,1.7407407407407407
6437,5.982832618025751
6438,3.0708661417322833
6440,2.8271604938271606
6442,5.168155970755484
6443,2.9047619047619047
6445,1.6
6446,1.5714285714285714
6447,2.1666666666666665
6448,2.141025641025641
6450,2.9255536943979155
6460,2.040133779264214
6461,2.2488888888888887
6462,1.7966101694915255
6463,1.5833333333333333
6465,1.9259259259259258
6466,2.6129032258064515
6467,2.1333333333333333
6468,2.3508771929824563
6470,1.8571428571428572
6472,1.7692307692307692
6473,1.5769230769230769
6475,1.9656862745098038
6476,2.4615384615384617
6477,2.4622641509433962
6479,1.966804979253112
6480,3.5
6484,1.0714285714285714
6485,1.6051502145922747
6487,2.3333333333333335
6488,2.4098360655737703
6489,3.264705882352941
6490,1.6590909090909092
6501,3.1790393013100435
6502,2.751677852348993
6503,2.6218236173393126
6504,2.0375
6505,1.8043478260869565
6506,2.0384615384615383
6507,2.765625
6509,2.075
6510,3.125154894671623
6511,2.1993769470404985
6512,1.8
6513,1.98
6514,3.25
6515,2.559748427672956
6516,2.2619760479041915
6517,2.4263157894736844
6518,2.8
6519,2.8266666666666667
6521,2.711267605633803
6522,2.013392857142857
6525,2.7203647416413372
6528,2.519230769230769
6530,2.8045495154972166
6532,3.430843373493976
6535,1.8280922431865827
6536,2.2680115273775217
6537,2.3092485549132946
6556,3.5792880258899675
6558,3.5930232558139537
6560,2.288939051918736
6562,2.7184466019417477
6564,2.8073394495412844
6566,2.162015503875969
6567,2.0191387559808613
6568,1.4680851063829787
6569,1.9439252336448598
6571,1.3666666666666667
6572,1.736842105263158
6574,3.111111111111111
6575,1.9285714285714286
6603,2.4008528784648187
6605,3.409090909090909
6606,3.0161290322580645
6608,2.2222222222222223
6609,2.522033898305085
6612,2.0
6613,1.9310344827586208
6614,2.125
6616,2.1785714285714284
6620,2.303030303030303
6623,1.8902077151335313
6625,2.357142857142857
6627,1.8421052631578947
6628,2.0
6630,2.3348214285714284
6631,2.388888888888889
6632,2.0555555555555554
6635,1.8181818181818181
6638,3.742489270386266
6639,3.9722222222222223
6640,3.206896551724138
6642,3.4564315352697097
6646,3.2857142857142856
6701,2.4900232018561486
6705,1.736842105263158
6707,3.4830614805520703
6710,3.9734513274336285
6713,6.980295566502463
6714,6.198332124728064
6716,6.512
6718,2.3422053231939164
6720,5.960880195599022
6721,6.151905829596412
6722,5.76791089704997
6725,3.6597077244258873
6726,4.686520376175548
6728,3.130831643002028
6740,3.1510791366906474
6743,4.389140271493213
6751,6.9300986842105265
6753,6.145374449339207
6754,6.92511013215859
6758,2.5555555555555554
6760,2.2777777777777777
6765,3.5
6770,3.205357142857143
6800,1.0
6837,1.0
6838,1.0
6840,1.0
6841,1.0
6842,1.0
6843,1.0
6844,1.0
6845,2.0
6846,1.0
6847,1.0
6848,1.6666666666666667
6892,6.0
6921,3.0
6944,7.0
6984,3.0
6990,3.0
7000,3.3799585348997927
7001,4.357142857142857
7002,3.0
7004,2.9037348763808524
7005,3.6446377781495736
7006,3.0
7007,3.3665399239543725
7008,2.6362019914651493
7009,1.9249700905828064
7010,1.7578732627820988
7011,2.1468730259001894
7012,3.6
7015,2.954494000452796
7016,1.4396887159533074
7017,3.783469150174622
7018,2.5112452002194185
7019,1.5686988171064604
7020,4.390022675736962
7021,3.690871369294606
7022,2.9904761904761905
7023,3.0607287449392713
7024,3.6289592760180995
7025,3.4
7026,3.0
7027,2.042016806722689
7030,2.196597656876906
7050,2.824074074074074
7052,3.280657847693958
7053,3.4575118966689327
7054,3.4820782637290364
7055,3.2160804020100504
7109,2.395239413230003
7112,1.956798866855524
7113,2.3465346534653464
7116,2.0908071748878925
7117,1.7602523659305993
7119,1.7142857142857142
7120,1.76497277676951
7140,2.1079781420765027
7150,2.546965317919075
7155,2.9368770764119603
7162,2.683982683982684
7163,2.171641791044776
7170,4.872717210846707
7171,2.7459016393442623
7172,2.1972343522561864
7173,2.576790906687814
7174,2.7160493827160495
7175,2.8585858585858586
7176,2.8513513513513513
7177,2.0297029702970297
7178,1.582857142857143
7179,1.88135593220339
7180,1.7184466019417475
7182,1.7006369426751593
7183,1.8666666666666667
7184,1.5073891625615763
7185,2.0
7186,1.9189189189189189
7187,1.9012345679012346
7190,1.8850796716562048
7209,2.0382775119617227
7210,1.648590021691974
7211,2.188888888888889
7212,2.8222523744911805
7213,1.623076923076923
7214,1.5805243445692885
7215,1.9268714842059715
7216,1.7485112230874942
7248,1.6433546552949538
7249,2.3062711864406777
7250,2.752105841420985
7252,3.1324659964518036
7253,1.8861689106487147
7254,2.5233644859813085
7255,1.855721393034826
7256,2.569839307787392
7258,4.245810055865922
7259,2.1728971962616823
7260,2.353737492642731
7261,1.7741935483870968
7262,2.182904411764706
7263,1.9161676646706587
7264,1.821917808219178
7265,1.5075757575757576
7267,3.071197411003236
7268,2.7775229357798166
7270,2.185002466699556
7275,2.848745046235139
7276,2.403921568627451
7277,3.336206896551724
7290,3.1013431013431014
7291,2.7248677248677247
7292,2.8637992831541217
7300,2.8781684382665578
7301,2.303921568627451
7302,2.4152298850574714
7303,2.2865400495458297
7304,1.9495183044315991
7305,1.9431372549019608
7306,2.315240083507307
7307,2.4369576314446144
7310,2.1421930771146345
7315,2.130670685757347
7316,2.4162077104642012
7320,1.9738298943130348
7321,2.6724988784208166
7322,1.995373048004627
7325,2.2263903462749215
7330,2.37901664730933
7331,2.202127659574468
7466,2.0
7467,2.6463815789473686
7468,2.441860465116279
7469,1.6889400921658986
7470,3.202090592334495
8001,5.0
